{
  "id": "70256130444",
  "name": "dallas-hidden-history",
  "pageTitle": "Dallas’ hidden history: Celebrating the historic places that launched Dallas’ minority communities’ identities",
  "shareTitle": "What do you know about the history of minorities in Dallas that others don’t?",
  "shareText": "Help us create a map of places important to minority history in Dallas. Place a virtual marker in a place where something important to minorities’ identity in Dallas happened.",
  "tweetText": "What do you know that others don't about Dallas' minority history?",
  "publishYear": 2017,
  "publishDate": "2017-03-07T12:00:00Z",
  "url": "http://interactives.dallasnews.com/2017/dallas-hidden-history/",
  "authors": "staff",
  "desk": "opinion",
  "section": "editorials",
  "keywords": [
    "dallas historical places",
    "dallas miniority communities",
    "interactives",
    "dallas",
    "dallas news",
    "dfw news",
    "dallas newspaper",
    "dallas morning news",
    "dallas morning news newspaper"
  ],
  "imgURL": "http://interactives.dallasnews.com/2017/dallas-hidden-history/images/_share.jpg",
  "imgWidth": "1200",
  "imgHeight": "630",
  "sectionTwitter": "DMNOpinion",
  "authorTwitter": "DMNOpinion"
}
